monat,bronze_notices,ted_api_notices,delta,delta_pct,archiv_lesbar,geprueft
2016-01,4743,0,4743,,True,Archiv komplett gelesen + TED-API
2016-02,4801,0,4801,,True,Archiv komplett gelesen + TED-API
2016-03,6038,0,6038,,True,Archiv komplett gelesen + TED-API
2016-04,6267,0,6267,,True,Archiv komplett gelesen + TED-API
2016-05,4736,0,4736,,True,Archiv komplett gelesen + TED-API
2016-06,5400,0,5400,,True,Archiv komplett gelesen + TED-API
2016-07,6919,3670,3249,88.529,True,Archiv komplett gelesen + TED-API
2016-08,6264,6264,0,0.000,True,Archiv komplett gelesen + TED-API
2016-09,5583,5583,0,0.000,True,Archiv komplett gelesen + TED-API
2016-10,6159,6159,0,0.000,True,Archiv komplett gelesen + TED-API
2016-11,5863,5863,0,0.000,True,Archiv komplett gelesen + TED-API
2016-12,7377,7377,0,0.000,True,Archiv komplett gelesen + TED-API
2017-01,5024,5024,0,0.000,True,Archiv komplett gelesen + TED-API
2017-02,6143,6143,0,0.000,True,Archiv komplett gelesen + TED-API
2017-03,7200,7200,0,0.000,True,Archiv komplett gelesen + TED-API
2017-04,6780,6780,0,0.000,True,Archiv komplett gelesen + TED-API
2017-05,6540,6540,0,0.000,True,Archiv komplett gelesen + TED-API
2017-06,6752,6752,0,0.000,True,Archiv komplett gelesen + TED-API
2017-07,7807,7807,0,0.000,True,Archiv komplett gelesen + TED-API
2017-08,7531,7531,0,0.000,True,Archiv komplett gelesen + TED-API
2017-09,7105,7105,0,0.000,True,Archiv komplett gelesen + TED-API
2017-10,7183,7183,0,0.000,True,Archiv komplett gelesen + TED-API
2017-11,6709,6709,0,0.000,True,Archiv komplett gelesen + TED-API
2017-12,8060,8060,0,0.000,True,Archiv komplett gelesen + TED-API
2018-01,6473,6473,0,0.000,True,Archiv komplett gelesen + TED-API
2018-02,7082,7082,0,0.000,True,Archiv komplett gelesen + TED-API
2018-03,8308,8308,0,0.000,True,Archiv komplett gelesen + TED-API
2018-04,7122,7122,0,0.000,True,Archiv komplett gelesen + TED-API
2018-05,7485,7485,0,0.000,True,Archiv komplett gelesen + TED-API
2018-06,7854,7854,0,0.000,True,Archiv komplett gelesen + TED-API
2018-07,8145,8145,0,0.000,True,Archiv komplett gelesen + TED-API
2018-08,8589,8589,0,0.000,True,Archiv komplett gelesen + TED-API
2018-09,7533,7533,0,0.000,True,Archiv komplett gelesen + TED-API
2018-10,8194,8194,0,0.000,True,Archiv komplett gelesen + TED-API
2018-11,7675,7675,0,0.000,True,Archiv komplett gelesen + TED-API
2018-12,8520,8520,0,0.000,True,Archiv komplett gelesen + TED-API
2019-01,7748,7748,0,0.000,True,Archiv komplett gelesen + TED-API
2019-02,7993,7993,0,0.000,True,Archiv komplett gelesen + TED-API
2019-03,8919,8919,0,0.000,True,Archiv komplett gelesen + TED-API
2019-04,9483,9483,0,0.000,True,Archiv komplett gelesen + TED-API
2019-05,9661,9661,0,0.000,True,Archiv komplett gelesen + TED-API
2019-06,8097,8097,0,0.000,True,Archiv komplett gelesen + TED-API
2019-07,10605,10605,0,0.000,True,Archiv komplett gelesen + TED-API
2019-08,9673,9673,0,0.000,True,Archiv komplett gelesen + TED-API
2019-09,9051,9051,0,0.000,True,Archiv komplett gelesen + TED-API
2019-10,9628,9628,0,0.000,True,Archiv komplett gelesen + TED-API
2019-11,8946,8946,0,0.000,True,Archiv komplett gelesen + TED-API
2019-12,9795,9795,0,0.000,True,Archiv komplett gelesen + TED-API
2020-01,8643,8643,0,0.000,True,Archiv komplett gelesen + TED-API
2020-02,9192,9192,0,0.000,True,Archiv komplett gelesen + TED-API
2020-03,10602,10602,0,0.000,True,Archiv komplett gelesen + TED-API
2020-04,9811,9811,0,0.000,True,Archiv komplett gelesen + TED-API
2020-05,10076,10076,0,0.000,True,Archiv komplett gelesen + TED-API
2020-06,9859,9859,0,0.000,True,Archiv komplett gelesen + TED-API
2020-07,11448,11448,0,0.000,True,Archiv komplett gelesen + TED-API
2020-08,9874,9874,0,0.000,True,Archiv komplett gelesen + TED-API
2020-09,10132,10132,0,0.000,True,Archiv komplett gelesen + TED-API
2020-10,10874,10874,0,0.000,True,Archiv komplett gelesen + TED-API
2020-11,10920,10920,0,0.000,True,Archiv komplett gelesen + TED-API
2020-12,12237,12237,0,0.000,True,Archiv komplett gelesen + TED-API
2021-01,8318,8318,0,0.000,True,Archiv komplett gelesen + TED-API
2021-02,10439,10439,0,0.000,True,Archiv komplett gelesen + TED-API
2021-03,12283,12283,0,0.000,True,Archiv komplett gelesen + TED-API
2021-04,10916,10916,0,0.000,True,Archiv komplett gelesen + TED-API
2021-05,10880,10880,0,0.000,True,Archiv komplett gelesen + TED-API
2021-06,11620,11620,0,0.000,True,Archiv komplett gelesen + TED-API
2021-07,12257,12257,0,0.000,True,Archiv komplett gelesen + TED-API
2021-08,11250,11250,0,0.000,True,Archiv komplett gelesen + TED-API
2021-09,10211,10211,0,0.000,True,Archiv komplett gelesen + TED-API
2021-10,11902,11902,0,0.000,True,Archiv komplett gelesen + TED-API
2021-11,10590,10590,0,0.000,True,Archiv komplett gelesen + TED-API
2021-12,12562,12562,0,0.000,True,Archiv komplett gelesen + TED-API
2022-01,9254,9254,0,0.000,True,Archiv komplett gelesen + TED-API
2022-02,10724,10724,0,0.000,True,Archiv komplett gelesen + TED-API
2022-03,12100,12100,0,0.000,True,Archiv komplett gelesen + TED-API
2022-04,11879,11879,0,0.000,True,Archiv komplett gelesen + TED-API
2022-05,12001,12001,0,0.000,True,Archiv komplett gelesen + TED-API
2022-06,11149,11149,0,0.000,True,Archiv komplett gelesen + TED-API
2022-07,12833,12833,0,0.000,True,Archiv komplett gelesen + TED-API
2022-08,12405,12405,0,0.000,True,Archiv komplett gelesen + TED-API
2022-09,11733,11733,0,0.000,True,Archiv komplett gelesen + TED-API
2022-10,11923,11923,0,0.000,True,Archiv komplett gelesen + TED-API
2022-11,11513,11513,0,0.000,True,Archiv komplett gelesen + TED-API
2022-12,13121,13121,0,0.000,True,Archiv komplett gelesen + TED-API
2023-01,10483,10483,0,0.000,True,Archiv komplett gelesen + TED-API
2023-02,11436,11436,0,0.000,True,Archiv komplett gelesen + TED-API
2023-03,13743,13743,0,0.000,True,Archiv komplett gelesen + TED-API
2023-04,12289,12289,0,0.000,True,Archiv komplett gelesen + TED-API
2023-05,13433,13433,0,0.000,True,Archiv komplett gelesen + TED-API
2023-06,13720,13720,0,0.000,True,Archiv komplett gelesen + TED-API
2023-07,14736,14736,0,0.000,True,Archiv komplett gelesen + TED-API
2023-08,13886,13886,0,0.000,True,Archiv komplett gelesen + TED-API
2023-09,13448,13448,0,0.000,True,Archiv komplett gelesen + TED-API
2023-10,13108,13108,0,0.000,True,Archiv komplett gelesen + TED-API
2023-11,10964,10978,-14,-0.128,True,Archiv komplett gelesen + TED-API
2023-12,12755,12797,-42,-0.328,True,Archiv komplett gelesen + TED-API
2024-01,12803,12833,-30,-0.234,True,Archiv komplett gelesen + TED-API
2024-02,12998,13054,-56,-0.429,True,Archiv komplett gelesen + TED-API
2024-03,14269,14328,-59,-0.412,True,Archiv komplett gelesen + TED-API
2024-04,12932,12949,-17,-0.131,True,Archiv komplett gelesen + TED-API
2024-05,13885,13903,-18,-0.129,True,Archiv komplett gelesen + TED-API
2024-06,12783,12804,-21,-0.164,True,Archiv komplett gelesen + TED-API
2024-07,15813,15833,-20,-0.126,True,Archiv komplett gelesen + TED-API
2024-08,14408,14431,-23,-0.159,True,Archiv komplett gelesen + TED-API
2024-09,13095,13110,-15,-0.114,True,Archiv komplett gelesen + TED-API
2024-10,14251,14287,-36,-0.252,True,Archiv komplett gelesen + TED-API
2024-11,12051,12067,-16,-0.133,True,Archiv komplett gelesen + TED-API
2024-12,13236,13252,-16,-0.121,True,Archiv komplett gelesen + TED-API
2025-01,12669,12685,-16,-0.126,True,Archiv komplett gelesen + TED-API
2025-02,13005,13034,-29,-0.222,True,Archiv komplett gelesen + TED-API
2025-03,13703,13724,-21,-0.153,True,Archiv komplett gelesen + TED-API
2025-04,14293,14314,-21,-0.147,True,Archiv komplett gelesen + TED-API
2025-05,13737,13752,-15,-0.109,True,Archiv komplett gelesen + TED-API
2025-06,12887,12896,-9,-0.070,True,Archiv komplett gelesen + TED-API
2025-07,15472,15486,-14,-0.090,True,Archiv komplett gelesen + TED-API
2025-08,13519,13573,-54,-0.398,True,Archiv komplett gelesen + TED-API
2025-09,13806,13816,-10,-0.072,True,Archiv komplett gelesen + TED-API
2025-10,14334,14344,-10,-0.070,True,Archiv komplett gelesen + TED-API
2025-11,12669,12690,-21,-0.165,True,Archiv komplett gelesen + TED-API
2025-12,13562,13573,-11,-0.081,True,Archiv komplett gelesen + TED-API
2026-01,12150,12164,-14,-0.115,True,Archiv komplett gelesen + TED-API
2026-02,12850,12865,-15,-0.117,True,Archiv komplett gelesen + TED-API
2026-03,15627,15656,-29,-0.185,True,Archiv komplett gelesen + TED-API
2026-04,13670,13687,-17,-0.124,True,Archiv komplett gelesen + TED-API
2026-05,13143,13157,-14,-0.106,True,Archiv komplett gelesen + TED-API
2026-06,14597,14619,-22,-0.150,True,Archiv komplett gelesen + TED-API
