kennung,urteil,grund
ORG-0001,platzhalter,"eForms-interne Organisations-Referenz (schema_parse _pick(PartyIdentification)) - Gewobag / Land Berlin / HOWOGE / Senatsverwaltung / LRA Kelheim unter einer Nummer, 106 Namen"
ORG-0002,platzhalter,"wie ORG-0001, eForms-interne Organisations-Referenz"
ORG-0003,platzhalter,"wie ORG-0001, eForms-interne Organisations-Referenz"
ORG-0005,platzhalter,"wie ORG-0001, eForms-interne Organisations-Referenz"
ENOTICES,platzhalter,"Name des TED-Erfassungswerkzeugs im Kennungsfeld - DB Netz / Hasselmann Tiefbau / Eiffage Rail / Wirtschaftsbetriebe Osterode, nichts gemeinsam"
XXXX,platzhalter,"Platzhalter im DB-Konzern-Umfeld; die 45 Namen sind VERSCHIEDENE Rechtstraeger (DB Netz, DB InfraGO, DB Projekt Stuttgart-Ulm) - Trennung ist richtig"
X,platzhalter,"wie XXXX; zusaetzlich Bietergemeinschaft Tunnel Rastatt, also rollenfremd"
N/A,platzhalter,"Einkaufsverbund der Krankenkassen / spectrumK / pronova BKK - verschiedene Rechtstraeger"
nicht vorhanden,platzhalter,"Stadt Dessau-Rosslau / Zweckverband Neubiberg / Gemeinde Hohenbrunn / Landkreis Anhalt-Bitterfeld - 58 Namen in 54 Orten"
DE30,platzhalter,"NUTS-Code (DE30 = Berlin) im Kennungsfeld; mischt Deutsche Bahn AG mit Prenzlauer Ingenieurbuero"
DE212,platzhalter,"NUTS-Code (DE212 = Muenchen) im Kennungsfeld; Rail Power Systems / Bayerischer Rundfunk / GEWOFAG / TU Muenchen unter einer Nummer"
AT,platzhalter,"Laendercode im Kennungsfeld - Swietelsky / Rhomberg Bahntechnik / Porr Bau / ILF, vier fremde Firmen"
10184,platzhalter,"Portal-interne Nummer - IPS Sachsen-Anhalt / Helaba / Klinikum Bayreuth"
10368,platzhalter,"Portal-interne Nummer eines Krankenhaus-Einkaufsverbunds - Klinikum Westmuensterland / Ev. Krankenhaus Oberhausen / Klinikum Werra-Meissner / Christliches Klinikum Unna"
10542,platzhalter,"Portal-interne Nummer - Gunst-Haus / Ilm-Kreis-Kliniken / Martha-Maria / Einkaufsgemeinschaft Bayerischer Stadtwerke / Staatsgemaeldesammlungen"
01-2002-79,traegt,"alle acht Namen sind Gebaeudemanagement Schleswig-Holstein AoeR, nur unterschiedlich vertreten (Bund / Land) - eine Vergabestelle"
DE 194427360,traegt,"alle 46 Namen sind der Landesbetrieb Liegenschafts- und Baubetreuung Rheinland-Pfalz mit seinen Niederlassungen (Koblenz, Trier, Mainz, Landau)"
DE 126118252,traegt,"Landschaftsverband Westfalen-Lippe mit Dezernaten (LWL-BLB, LWL.IT, Zentrale Einkaufskoordination) - eine Koerperschaft, 18 Orte sind Abteilungssitze"
Berichtseinheit-ID 00007468,traegt,"Muenchner Verkehrs- und Tarifverbund; die Landkreise erscheinen nur als 'vertreten durch die MVV' - eine Vergabestelle"
07-LBLBBZentr000-89,offen,"Leitweg-ID der LBB-Zentrale, die fuer Bund UND Land Rheinland-Pfalz beschafft - die Vergabestelle ist eine, der Auftraggeber nicht. Noch nicht entschieden."
