lead_id,host,url,status_vorher,bytes,n_files,versucht_am,geloescht_am,grund
25682054,xvergabe.de,https://xvergabe.de/TenderingProcedureDetails?function=_Details&TenderOID=54321-Tender-19fd686c8a5-66012c8c92bd3004&thContext=publications,fehler,0,0,2026-08-29,2026-09-26,robots.txt des Hosts verbietet automatische Abrufe (Disallow: /); die Dateien wurden vor der Sperre geholt
25682074,xvergabe.de,https://xvergabe.de/TenderingProcedureDetails?function=_Details&TenderOID=54321-Tender-19fd6a723d7-5e85d370607efcc9&thContext=publications,fehler,0,0,2026-08-29,2026-09-26,robots.txt des Hosts verbietet automatische Abrufe (Disallow: /); die Dateien wurden vor der Sperre geholt
25695878,xvergabe.de,https://xvergabe.de/TenderingProcedureDetails?function=_Details&TenderOID=54321-Tender-19fea0e7c32-e42eeb4f9c55650&thContext=publications,fehler,0,0,2026-08-29,2026-09-26,robots.txt des Hosts verbietet automatische Abrufe (Disallow: /); die Dateien wurden vor der Sperre geholt
25695894,xvergabe.de,https://xvergabe.de/TenderingProcedureDetails?function=_Details&TenderOID=54321-Tender-19fea2714d1-9fff16c0de4ace6&thContext=publications,fehler,0,0,2026-08-29,2026-09-26,robots.txt des Hosts verbietet automatische Abrufe (Disallow: /); die Dateien wurden vor der Sperre geholt
25695902,xvergabe.de,https://xvergabe.de/TenderingProcedureDetails?function=_Details&TenderOID=54321-Tender-19fea3c777f-1c7ee9d02eafbbfe&thContext=publications,fehler,0,0,2026-08-18,2026-09-26,robots.txt des Hosts verbietet automatische Abrufe (Disallow: /); die Dateien wurden vor der Sperre geholt
25695914,xvergabe.de,https://xvergabe.de/TenderingProcedureDetails?function=_Details&TenderOID=54321-Tender-19fea497620-459f18edd44249d4&thContext=publications,fehler,0,0,2026-08-18,2026-09-26,robots.txt des Hosts verbietet automatische Abrufe (Disallow: /); die Dateien wurden vor der Sperre geholt
25700566,xvergabe.de,https://xvergabe.de/TenderingProcedureDetails?function=_Details&TenderOID=54321-Tender-19fef2f73e0-31a9dd61da1cb6c&thContext=publications,fehler,0,0,2026-08-29,2026-09-26,robots.txt des Hosts verbietet automatische Abrufe (Disallow: /); die Dateien wurden vor der Sperre geholt
25700694,xvergabe.de,https://xvergabe.de/NetServer/TenderingProcedureDetails?function=_Details&TenderOID=54321-Tender-19ff03fa9a0-26e142b518455652&thContext=publications,downloaded,4057672,17,2026-08-31,2026-09-26,robots.txt des Hosts verbietet automatische Abrufe (Disallow: /); die Dateien wurden vor der Sperre geholt
25709866,xvergabe.de,https://xvergabe.de/NetServer/TenderingProcedureDetails?function=_Details&TenderOID=54321-Tender-19ff085e697-19ff36084dc8253a&thContext=publications,downloaded,18745693,19,2026-08-31,2026-09-26,robots.txt des Hosts verbietet automatische Abrufe (Disallow: /); die Dateien wurden vor der Sperre geholt
25721252,xvergabe.de,https://xvergabe.de/NetServer/TenderingProcedureDetails?function=_Details&TenderOID=54321-Tender-19ed57d5e7e-642772525eadb319&thContext=publications,downloaded,1639154,12,2026-08-31,2026-09-26,robots.txt des Hosts verbietet automatische Abrufe (Disallow: /); die Dateien wurden vor der Sperre geholt
25734932,xvergabe.de,https://xvergabe.de/TenderingProcedureDetails?function=_Details&TenderOID=54321-Tender-1a01e9c60e3-3f84fb629e291811&thContext=publications,fehler,0,0,2026-09-06,2026-09-26,robots.txt des Hosts verbietet automatische Abrufe (Disallow: /); die Dateien wurden vor der Sperre geholt
25745148,xvergabe.de,https://xvergabe.de/NetServer/TenderingProcedureDetails?function=_Details&TenderOID=54321-Tender-1a013cc6dc9-2e083c1b22d98f36&thContext=publications,downloaded,5493966,17,2026-08-26,2026-09-26,robots.txt des Hosts verbietet automatische Abrufe (Disallow: /); die Dateien wurden vor der Sperre geholt
25773664,xvergabe.de,https://xvergabe.de/TenderingProcedureDetails?function=_Details&TenderOID=54321-Tender-1a05b5b4a55-2ca5ba324fbd753d&thContext=publications,fehler,0,0,2026-09-17,2026-09-26,robots.txt des Hosts verbietet automatische Abrufe (Disallow: /); die Dateien wurden vor der Sperre geholt
25773692,xvergabe.de,https://xvergabe.de/TenderingProcedureDetails?function=_Details&TenderOID=54321-Tender-1a05b71345c-7bbe72f719f17d64&thContext=publications,fehler,0,0,2026-09-17,2026-09-26,robots.txt des Hosts verbietet automatische Abrufe (Disallow: /); die Dateien wurden vor der Sperre geholt
25783510,xvergabe.de,https://xvergabe.de/TenderingProcedureDetails?function=_Details&TenderOID=54321-Tender-1a065bc567b-53cd0172f03ec7f8&thContext=publications,fehler,0,0,2026-09-12,2026-09-26,robots.txt des Hosts verbietet automatische Abrufe (Disallow: /); die Dateien wurden vor der Sperre geholt
25809110,xvergabe.de,https://xvergabe.de/TenderingProcedureDetails?function=_Details&TenderOID=54321-Tender-1a08aaa8c39-503f0719e33a307b&thContext=publications,fehler,0,0,2026-09-26,2026-09-26,robots.txt des Hosts verbietet automatische Abrufe (Disallow: /); die Dateien wurden vor der Sperre geholt
25809118,xvergabe.de,https://xvergabe.de/TenderingProcedureDetails?function=_Details&TenderOID=54321-Tender-1a08ac0c786-373a44476b7f41ee&thContext=publications,fehler,0,0,2026-09-19,2026-09-26,robots.txt des Hosts verbietet automatische Abrufe (Disallow: /); die Dateien wurden vor der Sperre geholt
484082_2026,xvergabe.de,https://xvergabe.de/NetServer/TenderingProcedureDetails?function=_Details&TenderOID=54321-Tender-19f5ac098fc-646c3e20958eab1a&thContext=publications,fehler,0,0,2026-08-18,2026-09-26,robots.txt des Hosts verbietet automatische Abrufe (Disallow: /); die Dateien wurden vor der Sperre geholt
484872_2026,xvergabe.de,https://xvergabe.de/NetServer/TenderingProcedureDetails?function=_Details&TenderOID=54321-Tender-19d0112389d-294d65be5b062222&thContext=publications,fehler,0,0,2026-08-17,2026-09-26,robots.txt des Hosts verbietet automatische Abrufe (Disallow: /); die Dateien wurden vor der Sperre geholt
523615_2026,xvergabe.de,https://xvergabe.de/NetServer/TenderingProcedureDetails?function=_Details&TenderOID=54321-Tender-19ed976cb05-556d4c55ed9b39df&thContext=publications,fehler,0,0,2026-08-24,2026-09-26,robots.txt des Hosts verbietet automatische Abrufe (Disallow: /); die Dateien wurden vor der Sperre geholt
524154_2026,xvergabe.de,https://xvergabe.de/NetServer/TenderingProcedureDetails?function=_Details&TenderOID=54321-Tender-19fa889b629-1608c0802b954e84&thContext=publications,downloaded,3579281,19,2026-08-31,2026-09-26,robots.txt des Hosts verbietet automatische Abrufe (Disallow: /); die Dateien wurden vor der Sperre geholt
527227_2026,xvergabe.de,https://xvergabe.de/NetServer/TenderingProcedureDetails?function=_Details&TenderOID=54321-Tender-19fa95834c5-5e1d69476294e1aa&thContext=publications,fehler,0,0,2026-08-24,2026-09-26,robots.txt des Hosts verbietet automatische Abrufe (Disallow: /); die Dateien wurden vor der Sperre geholt
527911_2026,xvergabe.de,https://xvergabe.de/NetServer/TenderingProcedureDetails?function=_Details&TenderOID=54321-Tender-19f22a14a3f-3a8057764bdc0879&thContext=publications,fehler,0,0,2026-08-24,2026-09-26,robots.txt des Hosts verbietet automatische Abrufe (Disallow: /); die Dateien wurden vor der Sperre geholt
536717_2026,xvergabe.de,https://xvergabe.de/NetServer/TenderingProcedureDetails?function=_Details&TenderOID=54321-Tender-19fa95834c5-5e1d69476294e1aa&thContext=publications,downloaded,10298042,33,2026-08-31,2026-09-26,robots.txt des Hosts verbietet automatische Abrufe (Disallow: /); die Dateien wurden vor der Sperre geholt
539716_2026,xvergabe.de,https://xvergabe.de/NetServer/TenderingProcedureDetails?function=_Details&TenderOID=54321-Tender-19fb8060ad8-62883895a08a84b6&thContext=publications,fehler,0,0,2026-08-15,2026-09-26,robots.txt des Hosts verbietet automatische Abrufe (Disallow: /); die Dateien wurden vor der Sperre geholt
544027_2026,xvergabe.de,https://xvergabe.de/NetServer/TenderingProcedureDetails?function=_Details&TenderOID=54321-Tender-19fb265f94e-5cc1493dca6474e7&thContext=publications,downloaded,7529522,21,2026-08-31,2026-09-26,robots.txt des Hosts verbietet automatische Abrufe (Disallow: /); die Dateien wurden vor der Sperre geholt
547377_2026,xvergabe.de,https://xvergabe.de/NetServer/TenderingProcedureDetails?function=_Details&TenderOID=54321-Tender-19f18a26554-54e1df9dfdceaf01&thContext=publications,downloaded,2669965,20,2026-08-29,2026-09-26,robots.txt des Hosts verbietet automatische Abrufe (Disallow: /); die Dateien wurden vor der Sperre geholt
547628_2026,xvergabe.de,https://xvergabe.de/NetServer/TenderingProcedureDetails?function=_Details&TenderOID=54321-Tender-19fd14d119a-27695bc94169822a&thContext=publications,downloaded,58277109,21,2026-08-31,2026-09-26,robots.txt des Hosts verbietet automatische Abrufe (Disallow: /); die Dateien wurden vor der Sperre geholt
547721_2026,xvergabe.de,https://xvergabe.de/NetServer/TenderingProcedureDetails?function=_Details&TenderOID=54321-Tender-19fd258d18e-524bdd1e8a9be457&thContext=publications,downloaded,2783346,14,2026-08-31,2026-09-26,robots.txt des Hosts verbietet automatische Abrufe (Disallow: /); die Dateien wurden vor der Sperre geholt
548091_2026,xvergabe.de,https://xvergabe.de/NetServer/TenderingProcedureDetails?function=_Details&TenderOID=54321-Tender-19f22a14a3f-3a8057764bdc0879&thContext=publications,downloaded,59539543,14,2026-08-29,2026-09-26,robots.txt des Hosts verbietet automatische Abrufe (Disallow: /); die Dateien wurden vor der Sperre geholt
548141_2026,xvergabe.de,https://xvergabe.de/NetServer/TenderingProcedureDetails?function=_Details&TenderOID=54321-Tender-19fd16b5035-353f35d51e12bd9e&thContext=publications,downloaded,13042877,21,2026-08-31,2026-09-26,robots.txt des Hosts verbietet automatische Abrufe (Disallow: /); die Dateien wurden vor der Sperre geholt
548393_2026,xvergabe.de,https://xvergabe.de/NetServer/TenderingProcedureDetails?function=_Details&TenderOID=54321-Tender-19fd1650cde-42f96b14e14a9af2&thContext=publications,downloaded,9407210,17,2026-08-30,2026-09-26,robots.txt des Hosts verbietet automatische Abrufe (Disallow: /); die Dateien wurden vor der Sperre geholt
549262_2026,xvergabe.de,https://xvergabe.de/NetServer/TenderingProcedureDetails?function=_Details&TenderOID=54321-Tender-19fd16f298c-52144edc10879313&thContext=publications,downloaded,19934976,21,2026-08-31,2026-09-26,robots.txt des Hosts verbietet automatische Abrufe (Disallow: /); die Dateien wurden vor der Sperre geholt
549276_2026,xvergabe.de,https://xvergabe.de/NetServer/TenderingProcedureDetails?function=_Details&TenderOID=54321-Tender-19fd1689c9e-8e5abd97274fe46&thContext=publications,downloaded,25832608,21,2026-08-31,2026-09-26,robots.txt des Hosts verbietet automatische Abrufe (Disallow: /); die Dateien wurden vor der Sperre geholt
550027_2026,xvergabe.de,https://xvergabe.de/NetServer/TenderingProcedureDetails?function=_Details&TenderOID=54321-Tender-19fcbae8eca-7f61044307ea6203&thContext=publications,downloaded,20625907,24,2026-08-31,2026-09-26,robots.txt des Hosts verbietet automatische Abrufe (Disallow: /); die Dateien wurden vor der Sperre geholt
550436_2026,xvergabe.de,https://xvergabe.de/NetServer/TenderingProcedureDetails?function=_Details&TenderOID=54321-Tender-19d00565202-275e4873bd467a1f&thContext=publications,downloaded,8035841,6,2026-08-31,2026-09-26,robots.txt des Hosts verbietet automatische Abrufe (Disallow: /); die Dateien wurden vor der Sperre geholt
552147_2026,xvergabe.de,https://xvergabe.de/NetServer/TenderingProcedureDetails?function=_Details&TenderOID=54321-Tender-19f1715d42f-37682bc0545da681&thContext=publications,downloaded,3348665,20,2026-08-29,2026-09-26,robots.txt des Hosts verbietet automatische Abrufe (Disallow: /); die Dateien wurden vor der Sperre geholt
553112_2026,xvergabe.de,https://xvergabe.de/NetServer/TenderingProcedureDetails?function=_Details&TenderOID=54321-Tender-19fcbae8eca-7f61044307ea6203&thContext=publications,downloaded,20625907,24,2026-08-31,2026-09-26,robots.txt des Hosts verbietet automatische Abrufe (Disallow: /); die Dateien wurden vor der Sperre geholt
553967_2026,xvergabe.de,https://xvergabe.de/NetServer/TenderingProcedureDetails?function=_Details&TenderOID=54321-Tender-19fdc19a367-7c4ec7008b130092&thContext=publications,downloaded,69720105,21,2026-08-29,2026-09-26,robots.txt des Hosts verbietet automatische Abrufe (Disallow: /); die Dateien wurden vor der Sperre geholt
554046_2026,xvergabe.de,https://xvergabe.de/NetServer/TenderingProcedureDetails?function=_Details&TenderOID=54321-Tender-19fdc228142-6e1a5dcac6dd2ff2&thContext=publications,downloaded,88518324,21,2026-08-29,2026-09-26,robots.txt des Hosts verbietet automatische Abrufe (Disallow: /); die Dateien wurden vor der Sperre geholt
558589_2026,xvergabe.de,https://xvergabe.de/NetServer/TenderingProcedureDetails?function=_Details&TenderOID=54321-Tender-19fef88c279-b83fcee507d0055&thContext=publications,downloaded,1328136,8,2026-08-31,2026-09-26,robots.txt des Hosts verbietet automatische Abrufe (Disallow: /); die Dateien wurden vor der Sperre geholt
560632_2026,xvergabe.de,https://xvergabe.de/NetServer/TenderingProcedureDetails?function=_Details&TenderOID=54321-Tender-19fd68f8230-3d3ad713b71e1bfc&thContext=publications,downloaded,53661995,14,2026-08-31,2026-09-26,robots.txt des Hosts verbietet automatische Abrufe (Disallow: /); die Dateien wurden vor der Sperre geholt
561106_2026,xvergabe.de,https://xvergabe.de/NetServer/TenderingProcedureDetails?function=_Details&TenderOID=54321-Tender-19fd1650cde-42f96b14e14a9af2&thContext=publications,downloaded,9407210,17,2026-08-30,2026-09-26,robots.txt des Hosts verbietet automatische Abrufe (Disallow: /); die Dateien wurden vor der Sperre geholt
563091_2026,xvergabe.de,https://xvergabe.de/NetServer/TenderingProcedureDetails?function=_Details&TenderOID=54321-Tender-19fdc19a367-7c4ec7008b130092&thContext=publications,downloaded,69720105,21,2026-08-31,2026-09-26,robots.txt des Hosts verbietet automatische Abrufe (Disallow: /); die Dateien wurden vor der Sperre geholt
563396_2026,xvergabe.de,https://xvergabe.de/NetServer/TenderingProcedureDetails?function=_Details&TenderOID=54321-Tender-19f419a1ae1-6ecde062e7e4dd3d&thContext=publications,fehler,0,0,2026-08-18,2026-09-26,robots.txt des Hosts verbietet automatische Abrufe (Disallow: /); die Dateien wurden vor der Sperre geholt
564588_2026,xvergabe.de,https://xvergabe.de/NetServer/TenderingProcedureDetails?function=_Details&TenderOID=54321-Tender-19feb772fce-23eaf71c0e44125&thContext=publications,downloaded,7485613,21,2026-08-31,2026-09-26,robots.txt des Hosts verbietet automatische Abrufe (Disallow: /); die Dateien wurden vor der Sperre geholt
565608_2026,xvergabe.de,https://xvergabe.de/NetServer/TenderingProcedureDetails?function=_Details&TenderOID=54321-Tender-19d0112389d-294d65be5b062222&thContext=publications,downloaded,8057173,22,2026-08-31,2026-09-26,robots.txt des Hosts verbietet automatische Abrufe (Disallow: /); die Dateien wurden vor der Sperre geholt
566026_2026,xvergabe.de,https://xvergabe.de/NetServer/TenderingProcedureDetails?function=_Details&TenderOID=54321-Tender-19feafaf36e-429119a04458c1f5&thContext=publications,downloaded,1822206,20,2026-08-30,2026-09-26,robots.txt des Hosts verbietet automatische Abrufe (Disallow: /); die Dateien wurden vor der Sperre geholt
570951_2026,xvergabe.de,https://xvergabe.de/NetServer/TenderingProcedureDetails?function=_Details&TenderOID=54321-Tender-1a00ea6cc51-70c150345d9fc7b4&thContext=publications,downloaded,1407119,8,2026-08-31,2026-09-26,robots.txt des Hosts verbietet automatische Abrufe (Disallow: /); die Dateien wurden vor der Sperre geholt
573558_2026,xvergabe.de,https://xvergabe.de/NetServer/TenderingProcedureDetails?function=_Details&TenderOID=54321-Tender-1a01164499b-376fb2d8713c23e1&thContext=publications,downloaded,18950899,2,2026-08-31,2026-09-26,robots.txt des Hosts verbietet automatische Abrufe (Disallow: /); die Dateien wurden vor der Sperre geholt
573624_2026,xvergabe.de,https://xvergabe.de/NetServer/TenderingProcedureDetails?function=_Details&TenderOID=54321-Tender-1a00c746b26-7cf1b0c42be4b412&thContext=publications,downloaded,5422099,10,2026-08-31,2026-09-26,robots.txt des Hosts verbietet automatische Abrufe (Disallow: /); die Dateien wurden vor der Sperre geholt
579669_2026,xvergabe.de,https://xvergabe.de/NetServer/TenderingProcedureDetails?function=_Details&TenderOID=54321-Tender-19fd14d119a-27695bc94169822a&thContext=publications,downloaded,58277109,21,2026-08-31,2026-09-26,robots.txt des Hosts verbietet automatische Abrufe (Disallow: /); die Dateien wurden vor der Sperre geholt
579716_2026,xvergabe.de,https://xvergabe.de/NetServer/TenderingProcedureDetails?function=_Details&TenderOID=54321-Tender-19fd1689c9e-8e5abd97274fe46&thContext=publications,downloaded,25832608,21,2026-08-31,2026-09-26,robots.txt des Hosts verbietet automatische Abrufe (Disallow: /); die Dateien wurden vor der Sperre geholt
582907_2026,xvergabe.de,https://xvergabe.de/NetServer/TenderingProcedureDetails?function=_Details&TenderOID=54321-Tender-1a01fc77410-624787d7e966d4b6&thContext=publications,downloaded,1672223,9,2026-08-31,2026-09-26,robots.txt des Hosts verbietet automatische Abrufe (Disallow: /); die Dateien wurden vor der Sperre geholt
588616_2026,xvergabe.de,https://xvergabe.de/NetServer/TenderingProcedureDetails?function=_Details&TenderOID=54321-Tender-1a037fdf27f-1d1e5dcdc2588637&thContext=publications,downloaded,44536447,19,2026-08-26,2026-09-26,robots.txt des Hosts verbietet automatische Abrufe (Disallow: /); die Dateien wurden vor der Sperre geholt
589009_2026,xvergabe.de,https://xvergabe.de/NetServer/TenderingProcedureDetails?function=_Details&TenderOID=54321-Tender-1a01f611d7f-5713575fe60bc19d&thContext=publications,downloaded,1256802,14,2026-08-26,2026-09-26,robots.txt des Hosts verbietet automatische Abrufe (Disallow: /); die Dateien wurden vor der Sperre geholt
589705_2026,xvergabe.de,https://xvergabe.de/NetServer/TenderingProcedureDetails?function=_Details&TenderOID=54321-Tender-19f18a26554-54e1df9dfdceaf01&thContext=publications,downloaded,2670055,20,2026-08-26,2026-09-26,robots.txt des Hosts verbietet automatische Abrufe (Disallow: /); die Dateien wurden vor der Sperre geholt
591047_2026,xvergabe.de,https://xvergabe.de/NetServer/TenderingProcedureDetails?function=_Details&TenderOID=54321-Tender-19ff52cad33-79509188bff75030&thContext=publications,downloaded,9066251,25,2026-08-27,2026-09-26,robots.txt des Hosts verbietet automatische Abrufe (Disallow: /); die Dateien wurden vor der Sperre geholt
592725_2026,xvergabe.de,https://xvergabe.de/NetServer/TenderingProcedureDetails?function=_Details&TenderOID=54321-Tender-19ff52be576-d55edb87dabd4bd&thContext=publications,downloaded,8092392,20,2026-08-27,2026-09-26,robots.txt des Hosts verbietet automatische Abrufe (Disallow: /); die Dateien wurden vor der Sperre geholt
594559_2026,xvergabe.de,https://xvergabe.de/NetServer/TenderingProcedureDetails?function=_Details&TenderOID=54321-Tender-19fd258d18e-524bdd1e8a9be457&thContext=publications,downloaded,2783346,14,2026-08-28,2026-09-26,robots.txt des Hosts verbietet automatische Abrufe (Disallow: /); die Dateien wurden vor der Sperre geholt
595995_2026,xvergabe.de,https://xvergabe.de/NetServer/TenderingProcedureDetails?function=_Details&TenderOID=54321-Tender-1a03d95e955-4c3e85d3ba8284ad&thContext=publications,downloaded,1977190,9,2026-08-28,2026-09-26,robots.txt des Hosts verbietet automatische Abrufe (Disallow: /); die Dateien wurden vor der Sperre geholt
596303_2026,xvergabe.de,https://xvergabe.de/NetServer/TenderingProcedureDetails?function=_Details&TenderOID=54321-Tender-19f18a26554-54e1df9dfdceaf01&thContext=publications,downloaded,2669965,20,2026-08-28,2026-09-26,robots.txt des Hosts verbietet automatische Abrufe (Disallow: /); die Dateien wurden vor der Sperre geholt
601374_2026,xvergabe.de,https://xvergabe.de/NetServer/TenderingProcedureDetails?function=_Details&TenderOID=54321-Tender-19e1d16fc74-67747e37da8b78&thContext=publications,downloaded,2584874,20,2026-09-01,2026-09-26,robots.txt des Hosts verbietet automatische Abrufe (Disallow: /); die Dateien wurden vor der Sperre geholt
604184_2026,xvergabe.de,https://xvergabe.de/NetServer/TenderingProcedureDetails?function=_Details&TenderOID=54321-Tender-1a057a0af63-1161d04d8da820c&thContext=publications,zu_gross,585931297,0,2026-09-03,2026-09-26,robots.txt des Hosts verbietet automatische Abrufe (Disallow: /); die Dateien wurden vor der Sperre geholt
608230_2026,xvergabe.de,https://xvergabe.de/NetServer/TenderingProcedureDetails?function=_Details&TenderOID=54321-Tender-19f18a26554-54e1df9dfdceaf01&thContext=publications,downloaded,2678010,20,2026-09-03,2026-09-26,robots.txt des Hosts verbietet automatische Abrufe (Disallow: /); die Dateien wurden vor der Sperre geholt
609957_2026,xvergabe.de,https://xvergabe.de/NetServer/TenderingProcedureDetails?function=_Details&TenderOID=54321-Tender-1a065b00a68-1f30cf3fe76c17b0&thContext=publications,downloaded,100688217,57,2026-09-11,2026-09-26,robots.txt des Hosts verbietet automatische Abrufe (Disallow: /); die Dateien wurden vor der Sperre geholt
612006_2026,xvergabe.de,https://xvergabe.de/NetServer/TenderingProcedureDetails?function=_Details&TenderOID=54321-Tender-1a060c8cbaf-28d1e486ba388020&thContext=publications,downloaded,67355846,37,2026-09-04,2026-09-26,robots.txt des Hosts verbietet automatische Abrufe (Disallow: /); die Dateien wurden vor der Sperre geholt
613643_2026,xvergabe.de,https://xvergabe.de/NetServer/TenderingProcedureDetails?function=_Details&TenderOID=54321-Tender-19feafaf36e-429119a04458c1f5&thContext=publications,downloaded,1951907,20,2026-09-07,2026-09-26,robots.txt des Hosts verbietet automatische Abrufe (Disallow: /); die Dateien wurden vor der Sperre geholt
618527_2026,xvergabe.de,https://xvergabe.de/NetServer/TenderingProcedureDetails?function=_Details&TenderOID=54321-Tender-1a07b3e83d7-749f20aa09cfc6d&thContext=publications,downloaded,4333982,17,2026-09-08,2026-09-26,robots.txt des Hosts verbietet automatische Abrufe (Disallow: /); die Dateien wurden vor der Sperre geholt
619172_2026,xvergabe.de,https://xvergabe.de/NetServer/TenderingProcedureDetails?function=_Details&TenderOID=54321-Tender-1a05725d349-34ba2b468d99dca4&thContext=publications,downloaded,2109479,19,2026-09-08,2026-09-26,robots.txt des Hosts verbietet automatische Abrufe (Disallow: /); die Dateien wurden vor der Sperre geholt
619333_2026,xvergabe.de,https://xvergabe.de/NetServer/TenderingProcedureDetails?function=_Details&TenderOID=54321-Tender-1a01f611d7f-5713575fe60bc19d&thContext=publications,downloaded,1256801,14,2026-09-09,2026-09-26,robots.txt des Hosts verbietet automatische Abrufe (Disallow: /); die Dateien wurden vor der Sperre geholt
622205_2026,xvergabe.de,https://xvergabe.de/NetServer/TenderingProcedureDetails?function=_Details&TenderOID=54321-Tender-1a060c8cbaf-28d1e486ba388020&thContext=publications,downloaded,67914260,38,2026-09-09,2026-09-26,robots.txt des Hosts verbietet automatische Abrufe (Disallow: /); die Dateien wurden vor der Sperre geholt
634254_2026,xvergabe.de,https://xvergabe.de/NetServer/TenderingProcedureDetails?function=_Details&TenderOID=54321-Tender-1a08635c874-fe31403f8ff92d0&thContext=publications,downloaded,2144838,22,2026-09-15,2026-09-26,robots.txt des Hosts verbietet automatische Abrufe (Disallow: /); die Dateien wurden vor der Sperre geholt
639440_2026,xvergabe.de,https://xvergabe.de/NetServer/TenderingProcedureDetails?function=_Details&TenderOID=54321-Tender-1a0a444ee81-2b109fa8918c883b&thContext=publications,downloaded,33446137,23,2026-09-16,2026-09-26,robots.txt des Hosts verbietet automatische Abrufe (Disallow: /); die Dateien wurden vor der Sperre geholt
644350_2026,xvergabe.de,https://xvergabe.de/NetServer/TenderingProcedureDetails?function=_Details&TenderOID=54321-Tender-1a0a8eee7cf-45e868029c4a39&thContext=publications,downloaded,2633074,20,2026-09-18,2026-09-26,robots.txt des Hosts verbietet automatische Abrufe (Disallow: /); die Dateien wurden vor der Sperre geholt
659787_2026,xvergabe.de,https://xvergabe.de/NetServer/TenderingProcedureDetails?function=_Details&TenderOID=54321-Tender-19feafaf36e-429119a04458c1f5&thContext=publications,downloaded,1954022,20,2026-09-24,2026-09-26,robots.txt des Hosts verbietet automatische Abrufe (Disallow: /); die Dateien wurden vor der Sperre geholt
662089_2026,xvergabe.de,https://xvergabe.de/NetServer/TenderingProcedureDetails?function=_Details&TenderOID=54321-Tender-1a037fdf27f-1d1e5dcdc2588637&thContext=publications,downloaded,44536447,19,2026-09-25,2026-09-26,robots.txt des Hosts verbietet automatische Abrufe (Disallow: /); die Dateien wurden vor der Sperre geholt
