host,land,leads,grund,stand
www.dtvp.de,DE,1455,"Keycloak-Anmeldung (secured/projectForwarding.do); Zugangsfrage, kein Parser",2026-09-24
www.deutsche-evergabe.de,DE,421,"Registrierung noetig; Zugangsfrage, kein Parser",2026-09-24
bund.vergabe24.de,DE,145,weist den Client ab,2026-09-24
www.vergabe24.de,DE,117,weist den Client ab,2026-09-24
beschaffungen.barmer.de,DE,34,"Kleinportal, ungeprueft (Akte 03.09.: ~40 Faelle fuer ~220 Vorgaenge)",2026-09-24
vergabeplattform.charite.de,DE,21,"Kleinportal, ungeprueft (Akte 03.09.: ~40 Faelle fuer ~220 Vorgaenge)",2026-09-24
www.swm.de,DE,19,"Kleinportal, ungeprueft (Akte 03.09.: ~40 Faelle fuer ~220 Vorgaenge)",2026-09-24
www.bsr.de,DE,17,"Kleinportal, ungeprueft (Akte 03.09.: ~40 Faelle fuer ~220 Vorgaenge)",2026-09-24
xvergabe.de,DE,12,"robots.txt verbietet den ganzen Host (User-agent: * / Disallow: /), gemessen 2026-09-26. Ein Abrufer waere kein technisches, sondern ein Zulaessigkeitsproblem. XVergabe ist zudem eine genormte SCHNITTSTELLE — der Weg dorthin fuehrt ueber die offizielle Anbindung, nicht ueber die Oberflaeche. ⚠ Der Bestand waechst: die LMBV ist zum 01.08.2026 hierher umgezogen (s. einkauf.lmbv.de).",2026-09-26
bieterportal.pd-g.e-va.eu,DE,8,"Kleinportal, ungeprueft (Akte 03.09.: ~40 Faelle fuer ~220 Vorgaenge)",2026-09-24
mp.aumass.de,DE,7,"Kleinportal, ungeprueft (Akte 03.09.: ~40 Faelle fuer ~220 Vorgaenge)",2026-09-24
s2c.mercell.com,DE,7,"Kleinportal, ungeprueft (Akte 03.09.: ~40 Faelle fuer ~220 Vorgaenge)",2026-09-24
evoportal.vergabe.staatsanzeiger.de,DE,6,"Der ganze Host antwortet mit HTTP 401, auch auf robots.txt (gemessen 2026-09-26) — Anmeldung fuer jede Seite, nichts oeffentlich abrufbar. Dieselbe Anwendung (URL-Form /awardProcedure/<uuid>) laeuft auch auf xvergabe.de.",2026-09-26
ec.europa.eu,DE,4,"Kleinportal, ungeprueft (Akte 03.09.: ~40 Faelle fuer ~220 Vorgaenge)",2026-09-24
vergabe-rmv.de,DE,4,"Kleinportal, ungeprueft (Akte 03.09.: ~40 Faelle fuer ~220 Vorgaenge)",2026-09-24
www1.muelheim-ruhr.de,DE,4,"Kleinportal, ungeprueft (Akte 03.09.: ~40 Faelle fuer ~220 Vorgaenge)",2026-09-24
trading.energie-handelsplatz.de,DE,3,"Kleinportal, ungeprueft (Akte 03.09.: ~40 Faelle fuer ~220 Vorgaenge)",2026-09-24
vergabe.brw-haan.de,DE,3,"Kleinportal, ungeprueft (Akte 03.09.: ~40 Faelle fuer ~220 Vorgaenge)",2026-09-24
www.braunlage.city,DE,3,"Kleinportal, ungeprueft (Akte 03.09.: ~40 Faelle fuer ~220 Vorgaenge)",2026-09-24
www.swr.de,DE,3,"Kleinportal, ungeprueft (Akte 03.09.: ~40 Faelle fuer ~220 Vorgaenge)",2026-09-24
bieterportal.dfg.e-va.eu,DE,2,"Kleinportal, ungeprueft (Akte 03.09.: ~40 Faelle fuer ~220 Vorgaenge)",2026-09-24
epo.ivalua.app,DE,2,"Kleinportal, ungeprueft (Akte 03.09.: ~40 Faelle fuer ~220 Vorgaenge)",2026-09-24
it-vergabe.eu,DE,2,"Kleinportal, ungeprueft (Akte 03.09.: ~40 Faelle fuer ~220 Vorgaenge)",2026-09-24
supplier-epo.ivalua.app,DE,2,"Kleinportal, ungeprueft (Akte 03.09.: ~40 Faelle fuer ~220 Vorgaenge)",2026-09-24
vergabe.deges.de,DE,2,"Kleinportal, ungeprueft (Akte 03.09.: ~40 Faelle fuer ~220 Vorgaenge)",2026-09-24
www.aok.de,DE,2,"Kleinportal, ungeprueft (Akte 03.09.: ~40 Faelle fuer ~220 Vorgaenge)",2026-09-24
www.ausschreibungen.pd-g.de,DE,2,"Kleinportal, ungeprueft (Akte 03.09.: ~40 Faelle fuer ~220 Vorgaenge)",2026-09-24
www.ecb.europa.eu,DE,2,"Kleinportal, ungeprueft (Akte 03.09.: ~40 Faelle fuer ~220 Vorgaenge)",2026-09-24
www.ecmwf.int,DE,2,"Kleinportal, ungeprueft (Akte 03.09.: ~40 Faelle fuer ~220 Vorgaenge)",2026-09-24
www.evergabe.bayern.de,DE,2,"Kleinportal, ungeprueft (Akte 03.09.: ~40 Faelle fuer ~220 Vorgaenge)",2026-09-24
www.kanzlei-zuck.de,DE,2,"Kleinportal, ungeprueft (Akte 03.09.: ~40 Faelle fuer ~220 Vorgaenge)",2026-09-24
www.stadtmuseum.de,DE,2,"Kleinportal, ungeprueft (Akte 03.09.: ~40 Faelle fuer ~220 Vorgaenge)",2026-09-24
www.stadtwerke-jena.de,DE,2,"Kleinportal, ungeprueft (Akte 03.09.: ~40 Faelle fuer ~220 Vorgaenge)",2026-09-24
bieterportal.dfg.de,DE,1,"Kleinportal, ungeprueft (Akte 03.09.: ~40 Faelle fuer ~220 Vorgaenge)",2026-09-24
bieterportal.pd-g.de,DE,1,"Kleinportal, ungeprueft (Akte 03.09.: ~40 Faelle fuer ~220 Vorgaenge)",2026-09-24
bieterportal.servicecenter-khs.e-va.eu,DE,1,"Kleinportal, ungeprueft (Akte 03.09.: ~40 Faelle fuer ~220 Vorgaenge)",2026-09-24
einkauf.lmbv.de,DE,1,"Portal wird stillgelegt: die LMBV stellt zum 01.08.2026 auf xvergabe.de um (Hinweis auf der Startseite). Neue Verfahren erscheinen dort, nur laufende bleiben im alten AVA@LMBV. Ein Abrufer fuer diesen Host baut Arbeit fuer einen Bestand, der schrumpft; xvergabe.de steht in dieser Liste bereits.",2026-09-26
fbhh-evergabe.web.hamburg.de,DE,1,"Kleinportal, ungeprueft (Akte 03.09.: ~40 Faelle fuer ~220 Vorgaenge)",2026-09-24
kreis-slf.eu,DE,1,"Kleinportal, ungeprueft (Akte 03.09.: ~40 Faelle fuer ~220 Vorgaenge)",2026-09-24
plattform.aumass.de,DE,1,"Kleinportal, ungeprueft (Akte 03.09.: ~40 Faelle fuer ~220 Vorgaenge)",2026-09-24
sk.aumass.de,DE,1,"Kleinportal, ungeprueft (Akte 03.09.: ~40 Faelle fuer ~220 Vorgaenge)",2026-09-24
transnetbw.synertrade.com,DE,1,"Kleinportal, ungeprueft (Akte 03.09.: ~40 Faelle fuer ~220 Vorgaenge)",2026-09-24
vergabe.autobahn.de,DE,1,"Kleinportal, ungeprueft (Akte 03.09.: ~40 Faelle fuer ~220 Vorgaenge)",2026-09-24
vergabe.udk-berlin.de,DE,1,"Kleinportal, ungeprueft (Akte 03.09.: ~40 Faelle fuer ~220 Vorgaenge)",2026-09-24
www.bundespolizei.de,DE,1,"Kleinportal, ungeprueft (Akte 03.09.: ~40 Faelle fuer ~220 Vorgaenge)",2026-09-24
www.caritas-berlin.de,DE,1,"Kleinportal, ungeprueft (Akte 03.09.: ~40 Faelle fuer ~220 Vorgaenge)",2026-09-24
www.epo.org,DE,1,"Kleinportal, ungeprueft (Akte 03.09.: ~40 Faelle fuer ~220 Vorgaenge)",2026-09-24
www.ethics.dk,DE,1,"Kleinportal, ungeprueft (Akte 03.09.: ~40 Faelle fuer ~220 Vorgaenge)",2026-09-24
www.heilbronn.de,DE,1,"Kleinportal, ungeprueft (Akte 03.09.: ~40 Faelle fuer ~220 Vorgaenge)",2026-09-24
www.kbs.de,DE,1,"Kleinportal, ungeprueft (Akte 03.09.: ~40 Faelle fuer ~220 Vorgaenge)",2026-09-24
www.kvb.koeln,DE,1,"Kleinportal, ungeprueft (Akte 03.09.: ~40 Faelle fuer ~220 Vorgaenge)",2026-09-24
www.mainz.de,DE,1,"Kleinportal, ungeprueft (Akte 03.09.: ~40 Faelle fuer ~220 Vorgaenge)",2026-09-24
www.tender24.de,DE,1,"Kleinportal, ungeprueft (Akte 03.09.: ~40 Faelle fuer ~220 Vorgaenge)",2026-09-24
www.ufz.de,DE,1,"Kleinportal, ungeprueft (Akte 03.09.: ~40 Faelle fuer ~220 Vorgaenge)",2026-09-24
www.vdek.com,DE,1,"Kleinportal, ungeprueft (Akte 03.09.: ~40 Faelle fuer ~220 Vorgaenge)",2026-09-24
ec.europa.eu,LU,13,"Kleinportal, ungeprueft (Akte 03.09.: ~40 Faelle fuer ~220 Vorgaenge)",2026-09-24
s2c.mercell.com,LU,1,"Kleinportal, ungeprueft (Akte 03.09.: ~40 Faelle fuer ~220 Vorgaenge)",2026-09-24
www.eel2.eu,LU,1,"Kleinportal, ungeprueft (Akte 03.09.: ~40 Faelle fuer ~220 Vorgaenge)",2026-09-24
